Filename,Size,Unit
1.567433.mp4,1.32,M
119465060873112132705301197deep1.flv.flv,14.57,M
2.337269.flv,2.28,M
3.274222.flv,14.53,M
3.506593.mp4,12.99,M
3.506610.mp4,22.95,M
