Filename,Size,Unit
HP7_Wallpapers_1920x1200_Caught_RnHrm.129322460326169620.jpg,1.83,M
HP7_Wallpapers_1920x1200_Caught_HermHry.129322460100041890.jpg,1.76,M
HP7_Wallpapers_1920x1200_Caught_BellaMlfy.129322459560551450.jpg,1.55,M
HP7_Wallpapers_1920x1200_Caught_GryBk_Sc.129322459856094150-2.jpg,1.37,M
HP7_wallpaper_London_Ron_1980x1200_129328458961058510.129328608109780370.jpg,1.13,M
HP7_wallpaper_London_Herm_1980x1200_129328458713246080.129328607143578540.jpg,1.13,M
HP7_wallpaper_Bulletin_London_Harry_1980x1200_129328458389320770.129328606050525100.jpg,1.13,M
HP7_Wallpapers_1920x1200_Portrait_Ron.129322462346353800.jpg,1.1,M
HP7_Wallpapers_1920x1200_Portrait_Har.129322461880822820.jpg,890.44,K
HP7_Wallpapers_1920x1200_Portrait_vold.129322462921129490.jpg,876.32,K
HP7_Wallpapers_1920x1200_Portrait_herm.129322462131374490.jpg,868.42,K
HP7_Wallpapers_1920x1200_Portrait_Snape.129322462599977460.jpg,801.9,K
HP7_Wallpapers_1920x1200_Portrait_Greyback.129322461585337030.jpg,760.69,K
HP7_Wallpapers_1920x1200_Portrait_Bella.129322460615770430.jpg,716.63,K
HP7_Wallpapers_1920x1200_Portrait_Dobby.129322461022273470.jpg,530.17,K
wallpaper-hermione-1920x1200.129373678923926170.jpg,512.33,K
wallpaper-bellatrix-1920x1200.129373680058286290.jpg,433.51,K
wallpaper-snape-1920x1200.129373679687423350.jpg,430.48,K
wallpaper-harry-1920x1200.129373678529109570.jpg,424.93,K
poster1.jpg,378.43,K
wallpaper-ron-1920x1200.129373679281999640.jpg,341.86,K
wallpaper-voldemort-1920x1200.129373680405550180.jpg,333.4,K
1.129483477777723000.gif,9.53,K
