Filename,Size,Unit
001.20110502_130400_1.mp3,8.32,M
002.20110503_130400_1.mp3,8.82,M
003.20110504_130400_1.mp3,8.77,M
004.20110505_130400_1.mp3,9.4,M
005.20110506_130400_1.mp3,9.54,M
006.20110509_130400_1.mp3,9.43,M
007.20110510_130400_1.mp3,8.62,M
008.20110511_130400_1.mp3,9.08,M
009.20110512_130400_1.mp3,9.43,M
010.20110513_130400_1.mp3,9.51,M
Nagy.Endre.-.Egy.varos.regenye.txt,735,B
Torrent downloaded from Demonoid.me.txt,46,B
